Server,"Health Check",Static,"Http Request"
OpenSwoole,8.5130273246765,9.0882920455933,5.8294535636902
Swoole,9.9038098716736,10.398748760223,6.3459293651581
RoadRunner,2.5604651546478,4.227724609375,4.0454806232452
FrankenPHP,3.9157705593109,5.5042058563232,4.9686885261536
